query,rows,before_execution_ms,after_execution_ms,before_planning_ms,after_planning_ms,selected_indexes
idx_fsdm_addresstype_description,1,0.183,0.011,0.016,0.019,idx_fsdm_addresstype_description
idx_fsdm_addresstype_ent_name_to,1,0.01,0.011,0.031,0.033,am_address_type_name
idx_fsdm_addressxaddress_pair_to,1,0.012,0.012,0.046,0.056,idx_fsdm_addressxaddress_pair_to
idx_fsdm_addressxaddress_contents_to,10,0.027,0.017,0.042,0.049,idx_fsdm_addressxaddress_contents_to
idx_fsdm_addressxclassification_class_value,5,0.043,0.011,0.043,0.046,idx_fsdm_addressxclassification_class_value
idx_fsdm_addressxclassification_owner_class,200,0.032,0.025,0.039,0.039,idx_fsdm_addressxclassification_owner_class
idx_fsdm_addressxgeography_pair_to,1,0.059,0.009,0.074,0.07,idx_fsdm_addressxgeography_pair_to
idx_fsdm_addressxgeography_contents_to,10,0.025,0.011,0.064,0.063,idx_fsdm_addressxgeography_contents_to
idx_fsdm_addressxresourceitem_pair_to,1,0.068,0.016,0.069,0.076,idx_fsdm_addressxresourceitem_pair_to
idx_fsdm_addressxresourceitem_contents_to,10,0.028,0.011,0.077,0.063,idx_fsdm_addressxresourceitem_contents_to
idx_fsdm_arrangementtypexclassification_class_value,5,0.041,0.011,0.04,0.045,idx_fsdm_arrangementtypexclassification_class_value
idx_fsdm_arrangementtypexclassification_owner_class,200,0.03,0.024,0.039,0.038,idx_fsdm_arrangementtypexclassification_owner_class
idx_fsdm_arrangementxarrangement_pair_to,1,0.059,0.015,0.068,0.113,idx_fsdm_arrangementxarrangement_pair_to
idx_fsdm_arrangementxarrangement_contents_to,10,0.025,0.011,0.065,0.08,idx_fsdm_arrangementxarrangement_contents_to
idx_fsdm_arrangementxarrangementtype_type_value_to,50,0.03,0.019,0.06,0.066,idx_fsdm_arrangementxarrangementtype_type_value_to
idx_fsdm_arrangementxclassification_class_value,5,0.045,0.011,0.052,0.045,idx_fsdm_arrangementxclassification_class_value
idx_fsdm_arrangementxclassification_owner_class,200,0.029,0.025,0.038,0.05,idx_fsdm_arrangementxclassification_owner_class
idx_fsdm_arrangementxinvolvedparty_contents_to,10,0.016,0.01,0.069,0.07,idx_fsdm_arrangementxinvolvedparty_contents_to
idx_fsdm_arrangementxproduct_pair_to,1,0.058,0.01,0.053,0.089,idx_fsdm_arrangementxproduct_pair_to
idx_fsdm_arrangementxproduct_contents_to,10,0.034,0.011,0.065,0.07,idx_fsdm_arrangementxproduct_contents_to
idx_fsdm_arrangementxresourceitem_pair_to,1,0.011,0.01,0.081,0.086,idx_fsdm_arrangementxresourceitem_pair_to
idx_fsdm_arrangementxrules_pair_to,1,0.059,0.015,0.067,0.097,idx_fsdm_arrangementxrules_pair_to
idx_fsdm_arrangementxrules_contents_to,10,0.024,0.011,0.076,0.065,idx_fsdm_arrangementxrules_contents_to
idx_fsdm_arrangementxrulestype_type_value_to,50,0.033,0.016,0.066,0.071,idx_fsdm_arrangementxrulestype_type_value_to
idx_fsdm_classificationdataconceptxclassification_class_value,5,0.042,0.015,0.041,0.05,idx_fsdm_classificationdataconceptxclassification_class_value
idx_fsdm_classificationdataconceptxclassification_owner_class,200,0.029,0.025,0.036,0.045,idx_fsdm_classificationdataconceptxclassification_owner_class
idx_fsdm_classificationdataconceptxresourceitem_pair_to,1,0.066,0.007,0.095,0.056,idx_fsdm_classificationdataconceptxresourceitem_pair_to
idx_fsdm_classificationdataconceptxresourceitem_contents_to,10,0.033,0.011,0.09,0.063,idx_fsdm_classificationdataconceptxresourceitem_contents_to
idx_fsdm_classificationxclassification_pair_to,1,0.062,0.014,0.071,0.087,idx_fsdm_classificationxclassification_pair_to
idx_fsdm_classificationxclassification_contents_to,10,0.04,0.012,0.089,0.068,idx_fsdm_classificationxclassification_contents_to
idx_fsdm_classificationxresourceitem_pair_to,1,0.057,0.013,0.077,0.094,idx_fsdm_classificationxresourceitem_pair_to
idx_fsdm_classificationxresourceitem_contents_to,10,0.025,0.01,0.061,0.064,idx_fsdm_classificationxresourceitem_contents_to
idx_fsdm_activeflagxclassification_class_value,5,0.043,0.011,0.045,0.043,idx_fsdm_activeflagxclassification_class_value
idx_fsdm_activeflagxclassification_owner_class,20000,1.571,1.24,0.028,0.038,idx_fsdm_activeflagxclassification_class_value
idx_fsdm_enterprisexclassification_class_value,5,0.049,0.007,0.043,0.031,idx_fsdm_enterprisexclassification_class_value
idx_fsdm_enterprisexclassification_owner_class,20000,1.654,1.303,0.036,0.024,idx_fsdm_enterprisexclassification_class_value
idx_fsdm_systemxclassification_class_value,5,0.044,0.01,0.042,0.044,idx_fsdm_systemxclassification_class_value
idx_fsdm_systemxclassification_owner_class,20000,1.637,1.658,0.041,0.058,idx_fsdm_systemxclassification_class_value
idx_fsdm_eventxaddress_pair_to,1,0.062,0.011,0.072,0.068,idx_fsdm_eventxaddress_pair_to
idx_fsdm_eventxaddress_contents_to,10,0.027,0.011,0.066,0.065,idx_fsdm_eventxaddress_contents_to
idx_fsdm_eventxarrangement_pair_to,1,0.061,0.009,0.069,0.071,idx_fsdm_eventxarrangement_pair_to
idx_fsdm_eventxarrangement_contents_to,10,0.023,0.01,0.059,0.065,idx_fsdm_eventxarrangement_contents_to
idx_fsdm_eventxevent_pair_to,1,0.057,0.01,0.067,0.073,idx_fsdm_eventxevent_pair_to
idx_fsdm_eventxevent_contents_to,10,0.024,0.012,0.061,0.07,idx_fsdm_eventxevent_contents_to
idx_fsdm_eventxeventtype_type_value_to,50,0.077,0.015,0.048,0.06,idx_fsdm_eventxeventtype_type_value_to
idx_fsdm_eventxgeography_pair_to,1,0.058,0.011,0.069,0.097,idx_fsdm_eventxgeography_pair_to
idx_fsdm_eventxgeography_contents_to,10,0.027,0.011,0.077,0.07,idx_fsdm_eventxgeography_contents_to
idx_fsdm_eventxinvolvedparty_pair_to,1,0.08,0.009,0.076,0.07,idx_fsdm_eventxinvolvedparty_pair_to
idx_fsdm_eventxinvolvedparty_contents_to,10,0.025,0.011,0.063,0.075,idx_fsdm_eventxinvolvedparty_contents_to
idx_fsdm_eventxproduct_pair_to,1,0.07,0.01,0.077,0.07,idx_fsdm_eventxproduct_pair_to
idx_fsdm_eventxproduct_contents_to,10,0.026,0.013,0.071,0.072,idx_fsdm_eventxproduct_contents_to
idx_fsdm_eventxresourceitem_pair_to,1,0.057,0.011,0.066,0.097,idx_fsdm_eventxresourceitem_pair_to
idx_fsdm_eventxresourceitem_contents_to,10,0.026,0.01,0.062,0.068,idx_fsdm_eventxresourceitem_contents_to
idx_fsdm_eventxrules_pair_to,1,0.057,0.009,0.063,0.073,idx_fsdm_eventxrules_pair_to
idx_fsdm_eventxrules_contents_to,10,0.024,0.011,0.059,0.072,idx_fsdm_eventxrules_contents_to
idx_fsdm_geographyxclassification_class_value,5,0.252,0.011,0.037,0.037,idx_fsdm_geographyxclassification_class_value
idx_fsdm_geographyxclassification_owner_class,200,0.033,0.025,0.038,0.043,idx_fsdm_geographyxclassification_owner_class
idx_fsdm_geographyxgeography_pair_to,1,0.068,0.01,0.071,0.093,idx_fsdm_geographyxgeography_pair_to
idx_fsdm_geographyxgeography_contents_to,10,0.025,0.01,0.062,0.074,idx_fsdm_geographyxgeography_contents_to
idx_fsdm_geographyxresourceitem_pair_to,1,0.057,0.011,0.064,0.072,idx_fsdm_geographyxresourceitem_pair_to
idx_fsdm_geographyxresourceitem_contents_to,10,0.026,0.011,0.062,0.065,idx_fsdm_geographyxresourceitem_contents_to
idx_fsdm_involvedpartynametype_description,1,0.179,0.014,0.021,0.035,idx_fsdm_involvedpartynametype_description
idx_fsdm_involvedpartyorganictype_description,1,0.183,0.011,0.019,0.026,idx_fsdm_involvedpartyorganictype_description
idx_fsdm_involvedpartytype_description,1,0.191,0.017,0.022,0.035,idx_fsdm_involvedpartytype_description
idx_fsdm_involvedpartyxaddress_pair_to,1,0.059,0.01,0.069,0.07,idx_fsdm_involvedpartyxaddress_pair_to
idx_fsdm_involvedpartyxaddress_contents_to,10,0.025,0.01,0.074,0.063,idx_fsdm_involvedpartyxaddress_contents_to
idx_fsdm_involvedpartyxclassification_class_value,5,0.222,0.011,0.038,0.056,idx_fsdm_involvedpartyxclassification_class_value
idx_fsdm_involvedpartyxclassification_owner_class,200,0.032,0.032,0.036,0.038,idx_fsdm_involvedpartyxclassification_owner_class
idx_fsdm_involvedpartyxinvolvedparty_pair_to,1,0.08,0.009,0.089,0.07,idx_fsdm_involvedpartyxinvolvedparty_pair_to
idx_fsdm_involvedpartyxinvolvedparty_contents_to,10,0.024,0.012,0.06,0.066,idx_fsdm_involvedpartyxinvolvedparty_contents_to
idx_fsdm_involvedpartyxinvolvedpartynametype_type_value_to,50,0.088,0.017,0.046,0.049,idx_fsdm_involvedpartyxinvolvedpartynametype_type_value_to
idx_fsdm_involvedpartyxinvolvedpartytype_type_value_to,50,0.086,0.018,0.053,0.048,idx_fsdm_involvedpartyxinvolvedpartytype_type_value_to
idx_fsdm_involvedpartyxproduct_pair_to,1,0.075,0.009,0.068,0.076,idx_fsdm_involvedpartyxproduct_pair_to
idx_fsdm_involvedpartyxproduct_contents_to,10,0.024,0.011,0.06,0.072,idx_fsdm_involvedpartyxproduct_contents_to
idx_fsdm_involvedpartyxproducttype_type_value_to,50,0.081,0.016,0.061,0.059,idx_fsdm_involvedpartyxproducttype_type_value_to
idx_fsdm_involvedpartyxresourceitem_pair_to,1,0.06,0.01,0.082,0.071,idx_fsdm_involvedpartyxresourceitem_pair_to
idx_fsdm_involvedpartyxresourceitem_contents_to,10,0.025,0.011,0.063,0.069,idx_fsdm_involvedpartyxresourceitem_contents_to
idx_fsdm_involvedpartyxrules_pair_to,1,0.091,0.01,0.076,0.074,idx_fsdm_involvedpartyxrules_pair_to
idx_fsdm_involvedpartyxrules_contents_to,10,0.024,0.01,0.062,0.062,idx_fsdm_involvedpartyxrules_contents_to
idx_fsdm_producttype_description,1,0.175,0.016,0.021,0.036,idx_fsdm_producttype_description
idx_fsdm_producttypexclassification_class_value,5,0.043,0.011,0.042,0.049,idx_fsdm_producttypexclassification_class_value
idx_fsdm_producttypexclassification_owner_class,200,0.029,0.027,0.043,0.043,idx_fsdm_producttypexclassification_owner_class
idx_fsdm_productxclassification_class_value,5,0.051,0.011,0.046,0.044,idx_fsdm_productxclassification_class_value
idx_fsdm_productxclassification_owner_class,200,0.03,0.025,0.041,0.042,idx_fsdm_productxclassification_owner_class
idx_fsdm_productxproduct_pair_to,1,0.071,0.01,0.074,0.072,idx_fsdm_productxproduct_pair_to
idx_fsdm_productxproduct_contents_to,10,0.028,0.011,0.066,0.07,idx_fsdm_productxproduct_contents_to
idx_fsdm_productxproducttype_type_value_to,50,0.049,0.016,0.062,0.066,idx_fsdm_productxproducttype_type_value_to
idx_fsdm_productxresourceitem_pair_to,1,0.06,0.01,0.064,0.079,idx_fsdm_productxresourceitem_pair_to
idx_fsdm_productxresourceitem_contents_to,10,0.027,0.011,0.062,0.074,idx_fsdm_productxresourceitem_contents_to
idx_fsdm_resourceitemtype_description,1,0.175,0.012,0.019,0.026,idx_fsdm_resourceitemtype_description
idx_fsdm_resourceitemxresourceitem_pair_to,1,0.062,0.009,0.073,0.068,idx_fsdm_resourceitemxresourceitem_pair_to
idx_fsdm_resourceitemxresourceitem_contents_to,10,0.024,0.011,0.06,0.068,idx_fsdm_resourceitemxresourceitem_contents_to
idx_fsdm_rulestype_description,1,0.172,0.011,0.019,0.024,idx_fsdm_rulestype_description
idx_fsdm_rulestypexclassification_class_value,5,0.045,0.013,0.049,0.057,idx_fsdm_rulestypexclassification_class_value
idx_fsdm_rulestypexclassification_owner_class,200,0.028,0.025,0.039,0.041,idx_fsdm_rulestypexclassification_owner_class
idx_fsdm_rulestypexresourceitem_pair_to,1,0.072,0.01,0.068,0.069,idx_fsdm_rulestypexresourceitem_pair_to
idx_fsdm_rulestypexresourceitem_contents_to,10,0.026,0.011,0.06,0.064,idx_fsdm_rulestypexresourceitem_contents_to
idx_fsdm_rulesxarrangement_pair_to,1,0.071,0.01,0.079,0.074,idx_fsdm_rulesxarrangement_pair_to
idx_fsdm_rulesxarrangement_contents_to,10,0.026,0.012,0.068,0.069,idx_fsdm_rulesxarrangement_contents_to
idx_fsdm_rulesxclassification_class_value,5,0.043,0.012,0.046,0.052,idx_fsdm_rulesxclassification_class_value
idx_fsdm_rulesxclassification_owner_class,200,0.027,0.024,0.035,0.041,idx_fsdm_rulesxclassification_owner_class
idx_fsdm_rulesxinvolvedparty_pair_to,1,0.058,0.009,0.066,0.072,idx_fsdm_rulesxinvolvedparty_pair_to
idx_fsdm_rulesxinvolvedparty_contents_to,10,0.023,0.013,0.057,0.08,idx_fsdm_rulesxinvolvedparty_contents_to
idx_fsdm_rulesxproduct_pair_to,1,0.057,0.01,0.065,0.077,idx_fsdm_rulesxproduct_pair_to
idx_fsdm_rulesxproduct_contents_to,10,0.024,0.01,0.06,0.063,idx_fsdm_rulesxproduct_contents_to
idx_fsdm_rulesxresourceitem_pair_to,1,0.058,0.01,0.069,0.079,idx_fsdm_rulesxresourceitem_pair_to
idx_fsdm_rulesxresourceitem_contents_to,10,0.029,0.012,0.074,0.071,idx_fsdm_rulesxresourceitem_contents_to
idx_fsdm_rulesxrules_pair_to,1,0.061,0.01,0.074,0.074,idx_fsdm_rulesxrules_pair_to
idx_fsdm_rulesxrules_contents_to,10,0.025,0.011,0.063,0.069,idx_fsdm_rulesxrules_contents_to
idx_fsdm_rulesxrulestype_type_value_to,50,0.03,0.015,0.058,0.06,idx_fsdm_rulesxrulestype_type_value_to
idx_fsdm_securitytokenxclassification_class_value,5,0.246,0.012,0.053,0.049,idx_fsdm_securitytokenxclassification_class_value
idx_fsdm_securitytokenxclassification_owner_class,200,0.033,0.026,0.035,0.043,idx_fsdm_securitytokenxclassification_owner_class
idx_fsdm_transaction_x_address_pair_to,1,0.018,0.012,0.048,0.053,idx_fsdm_transaction_x_address_pair_to
idx_fsdm_transaction_x_address_contents_to,10,0.025,0.018,0.041,0.061,idx_fsdm_transaction_x_address_contents_to
idx_fsdm_transaction_x_arrangement_pair_to,1,0.018,0.011,0.047,0.053,idx_fsdm_transaction_x_arrangement_pair_to
idx_fsdm_transaction_x_arrangement_contents_to,10,0.025,0.013,0.041,0.047,idx_fsdm_transaction_x_arrangement_contents_to
idx_fsdm_transaction_x_classification_class_value,5,0.529,0.011,0.032,0.04,idx_fsdm_transaction_x_classification_class_value
idx_fsdm_transaction_x_classification_owner_class,200,0.046,0.027,0.049,0.041,idx_fsdm_transaction_x_classification_owner_class
idx_fsdm_transaction_x_event_pair_to,1,0.018,0.012,0.049,0.062,idx_fsdm_transaction_x_event_pair_to
idx_fsdm_transaction_x_event_contents_to,10,0.026,0.014,0.043,0.055,idx_fsdm_transaction_x_event_contents_to
idx_fsdm_transaction_x_geography_pair_to,1,0.018,0.011,0.048,0.052,idx_fsdm_transaction_x_geography_pair_to
idx_fsdm_transaction_x_geography_contents_to,10,0.026,0.014,0.041,0.048,idx_fsdm_transaction_x_geography_contents_to
idx_fsdm_transaction_x_involved_party_pair_to,1,0.018,0.012,0.047,0.055,idx_fsdm_transaction_x_involved_party_pair_to
idx_fsdm_transaction_x_involved_party_contents_to,10,0.028,0.013,0.051,0.05,idx_fsdm_transaction_x_involved_party_contents_to
idx_fsdm_transaction_x_product_pair_to,1,0.018,0.012,0.042,0.054,idx_fsdm_transaction_x_product_pair_to
idx_fsdm_transaction_x_product_contents_to,10,0.026,0.014,0.041,0.052,idx_fsdm_transaction_x_product_contents_to
idx_fsdm_transaction_x_resource_item_pair_to,1,0.018,0.011,0.049,0.054,idx_fsdm_transaction_x_resource_item_pair_to
idx_fsdm_transaction_x_resource_item_contents_to,10,0.029,0.014,0.042,0.059,idx_fsdm_transaction_x_resource_item_contents_to
idx_fsdm_transaction_x_rules_pair_to,1,0.022,0.009,0.058,0.047,idx_fsdm_transaction_x_rules_pair_to
idx_fsdm_transaction_x_rules_contents_to,10,0.028,0.014,0.044,0.044,idx_fsdm_transaction_x_rules_contents_to
idx_fsdm_transaction_x_transaction_pair_to,1,0.021,0.014,0.055,0.06,idx_fsdm_transaction_x_transaction_pair_to
idx_fsdm_transaction_x_transaction_contents_to,10,0.029,0.013,0.045,0.048,idx_fsdm_transaction_x_transaction_contents_to
idx_fsdm_transaction_x_transaction_type_type_value_to,50,0.737,0.017,0.04,0.043,idx_fsdm_transaction_x_transaction_type_type_value_to
address_encrypted_or,100,8.225,0.032,0.098,0.07,am_address_lookup_header;idx_addr_val
