query,rows,before_execution_ms,after_execution_ms,before_planning_ms,after_planning_ms,after_indexes
forum_list,51,11.0,0.757,66.712,28.149,activeflag_pkey;arrangement_pkey;arrangementtype_pkey;classification_pkey;idx_arrangementxarrangementtype_arrangementid;idx_classification_classificationname;idx_fsdm_arrangement_class_scope_to;idx_fsdm_arrangement_party_actor_scope_to
forum_membership,1,0.187,0.188,8.025,6.859,arrangement_pkey;idx_arrangementxarrangementtype_arrangementid;idx_classification_classificationname;idx_fsdm_arrangement_class_scope_to;idx_fsdm_arrangementxinvolvedparty_contents_to
forum_moderator,1,0.178,0.187,6.676,7.442,arrangement_pkey;idx_arrangementxarrangementtype_arrangementid;idx_classification_classificationname;idx_fsdm_arrangement_class_scope_to;idx_fsdm_arrangementxinvolvedparty_contents_to
forum_subscribers,1,0.204,0.076,7.146,4.164,activeflag_pkey;classification_pkey;idx_fsdm_arrangementxinvolvedparty_contents_to;involvedpartyorganic_pkey
forum_title,1,0.077,0.031,0.412,0.251,classification_pkey;idx_fsdm_arrangement_class_scope_to
forum_posts,10,17.672,0.376,78.305,64.363,activeflag_pkey;classification_pkey;event_pkey;idx_classification_classificationname;idx_fsdm_event_arrangement_target_scope_to;idx_fsdm_eventxinvolvedparty_contents_to;idx_fsdm_eventxresourceitem_pair_to;resourceitem_pkey;resourceitemdatavalue_pkey
notification_window,300,14.088,2.399,20.603,11.62,classification_pkey;event_pkey;eventtype_pkey;idx_classification_classificationname;idx_evxet_sid_wh;idx_fsdm_event_party_actor_scope_to
notification_list,51,35.995,5.466,85.492,38.584,activeflag_pkey;classification_pkey;event_pkey;eventtype_pkey;idx_classification_classificationname;idx_evxet_sid_wh;idx_fsdm_event_class_scope_to;idx_fsdm_event_party_actor_scope_to;idx_fsdm_eventxevent_contents_to;idx_fsdm_eventxinvolvedparty_contents_to
notification_unread,51,17.96,9.263,40.917,37.234,activeflag_pkey;classification_pkey;event_pkey;eventtype_pkey;idx_classification_classificationname;idx_evxet_sid_wh;idx_fsdm_event_class_scope_to;idx_fsdm_event_party_actor_scope_to;idx_fsdm_eventxevent_contents_to;idx_fsdm_eventxinvolvedparty_contents_to
notification_category,51,18.206,10.861,40.093,37.185,activeflag_pkey;classification_pkey;event_pkey;eventtype_pkey;idx_classification_classificationname;idx_evxet_sid_wh;idx_fsdm_event_class_scope_to;idx_fsdm_event_party_actor_scope_to;idx_fsdm_eventxevent_contents_to;idx_fsdm_eventxinvolvedparty_contents_to
notification_find,1,6.969,2.982,39.108,38.42,activeflag_pkey;classification_pkey;event_pkey;eventtype_pkey;idx_classification_classificationname;idx_evxet_sid_wh;idx_fsdm_event_class_scope_to;idx_fsdm_event_party_actor_scope_to;idx_fsdm_eventxevent_contents_to;idx_fsdm_eventxinvolvedparty_contents_to;idx_fsdm_eventxresourceitem_pair_to
notification_counts,1,17.963,12.254,37.984,38.086,activeflag_pkey;classification_pkey;event_pkey;eventtype_pkey;idx_classification_classificationname;idx_evxet_sid_wh;idx_fsdm_event_class_scope_to;idx_fsdm_event_party_actor_scope_to;idx_fsdm_eventxevent_contents_to;idx_fsdm_eventxinvolvedparty_contents_to
notification_read_all,100,19.285,12.445,38.307,37.331,activeflag_pkey;classification_pkey;event_pkey;eventtype_pkey;idx_classification_classificationname;idx_evxet_sid_wh;idx_fsdm_event_class_scope_to;idx_fsdm_event_party_actor_scope_to;idx_fsdm_eventxevent_contents_to;idx_fsdm_eventxinvolvedparty_contents_to
notification_deliveries,2,0.212,0.139,1.654,1.702,activeflag_pkey;classification_pkey;event_pkey;idx_fsdm_event_class_scope_to;idx_fsdm_eventxevent_contents_to;idx_fsdm_eventxinvolvedparty_contents_to
